p,err,sample,compr,discr
8.0000000000000000e+00,4.6529181755241072e-01,4.4468561808268227e-02,5.1888227462768555e-02,1.6266787052154541e-01
1.0000000000000000e+01,8.1195864749198543e-02,5.4751435915629067e-02,5.2254796028137207e-02,2.0299724737803140e-01
1.2000000000000000e+01,4.5307283350952063e-03,5.7445367177327476e-02,5.3044160207112633e-02,2.5110232830047607e-01
1.4000000000000000e+01,6.5771871825256437e-04,6.9715539614359542e-02,5.6678295135498047e-02,3.3390609423319501e-01
1.6000000000000000e+01,9.0809268246026538e-05,8.1651250521341964e-02,6.0612003008524575e-02,4.2104013760884601e-01
1.8000000000000000e+01,1.8145323252384522e-05,9.6911032994588212e-02,5.9516867001851402e-02,5.3688029448191321e-01
2.0000000000000000e+01,4.2528636393888825e-06,1.0692612330118816e-01,6.4306457837422684e-02,7.0007960001627600e-01
