p,err,compr,discr
4.0000000000000000e+00,2.4617121630999213e-02,1.7935339609781900e-01,4.5285662015279132e-01
