p,err,compr,discr
4.0000000000000000e+00,6.1833164782105167e-03,3.9430567423502603e+00,3.3750712871551514e+00
