p,err,compr,discr
4.0000000000000000e+00,6.1833152517469549e-03,5.7141732374827070e+00,2.9559958775838218e+00
