p,err,sample,compr,discr
1.4000000000000000e+01,1.8774349734080914e-03,1.4407703280448914e+01,8.8315701484680176e-01,8.3761943380037948e+01
