p,err,compr,discr
4.0000000000000000e+00,6.1833164794252368e-03,2.1143680016199746e+00,2.0409142176310220e+00
