H,err,cond_svd,cond_eig,errBlock
2.50000000e-01,1.89767322e-03,2.83275679e+00,2.82408591e+00,5.52970649e-02
1.25000000e-01,1.64875208e-03,1.08519928e+01,1.08230960e+01,2.92370321e-02
6.25000000e-02,4.75721756e-04,4.30623724e+01,4.29409834e+01,1.44947167e-02
3.12500000e-02,2.46844560e-04,1.71935490e+02,1.71442836e+02,7.68472108e-03
1.56250000e-02,9.53022913e-05,6.87435202e+02,6.85457863e+02,3.94147821e-03
7.81250000e-03,3.30705989e-05,2.74943575e+03,2.74151988e+03,1.84879559e-03
