H,err,cond_svd,cond_eig
2.50000000e-01,5.20251923e-05,3.21969521e+00,3.21940002e+00
1.25000000e-01,6.85604149e-05,1.26556731e+01,1.26544268e+01
6.25000000e-02,1.18185566e-04,5.05283104e+01,5.05229948e+01
3.12500000e-02,3.53457767e-05,2.02050788e+02,2.02029199e+02
1.56250000e-02,1.49678920e-05,8.08148643e+02,8.08061988e+02
7.81250000e-03,5.94094080e-06,3.23262993e+03,3.23228309e+03
