H,err,cond_svd,cond_eig
2.50000000e-01,1.89679281e-03,2.83265993e+00,2.82399259e+00
1.25000000e-01,1.64699402e-03,1.08515488e+01,1.08226496e+01
6.25000000e-02,4.73646209e-04,4.30606068e+01,4.29391951e+01
3.12500000e-02,2.18603713e-04,1.71928373e+02,1.71435619e+02
