H,err,cond_svd,cond_eig
2.50000000e-01,1.89618181e-03,2.83259297e+00,2.82392809e+00
1.25000000e-01,1.64578024e-03,1.08512420e+01,1.08223411e+01
6.25000000e-02,4.72024340e-04,4.30592774e+01,4.29378486e+01
3.12500000e-02,2.29777967e-04,1.71923014e+02,1.71430185e+02
1.56250000e-02,9.46840714e-05,6.87385204e+02,6.85407155e+02
7.81250000e-03,3.53480684e-05,2.74935529e+03,2.74143831e+03
