H,errS,errT,timeS,timeT,tSample,timeLU,tMVS,tMVT,tMVLU,memS,memT,memLU,resS,resT
.25,	3.3882983102040622e-08 , 0.0002866095351400828,	281.78525614738464,	0, 	709.3806202411652,	1837.0911855697632,	0.015914547443389892,	0,	8.10929544766744,	5.80836928,	0,	294.67199999999997,0,0.016225347440565974
.125,	0.00021498397350744422,	0.0014180020586361199,	525.1734030246735,	0,	578.8103270530701,	1550.4579627513885,	0.037315404415130614,	0,	8.84450634320577,	12.73763712,	0,	174.93211775999998,	0.00010442012979462895,	26.51825608543066
.0625,	0.0004330215247397304,	0,	1061.3108577728271,	0,	724.8191239833832,	1142.5448379516602,	0.08195046186447144,	0,	13.34663494427999,	26.324450048,	0.0013855256937551597,	98.81970688000001,	0.016225347440565974,	33.93686103507839

