H,errS,errT,timeS,timeT,tSample,timeLU,tMVS,tMVT,tMVLU,memS,memT,memLU
.5,	1.9026562250093983e-08,	0,	164.40989112854004,	0,	688.8442668914795,	1959.7538216114044,	0.0053822875022888185,	0,	7.849523544311523,	2.547527424,	0,	352.27200000000005
.25,	3.3882983102040622e-08 , 0,	281.78525614738464,	0, 	709.3806202411652,	1837.0911855697632,	0.015914547443389892,	0,	8.10929544766744,	5.80836928,	0,	294.67199999999997
.125,	0.0005216637994788397,	0,	525.1734030246735,	0,	578.8103270530701,	1550.4579627513885,	0.037315404415130614,	0,	8.84450634320577,	12.73763712,	0,	174.93211775999998
.0625,	0.011847597780441584,	0,	1061.3108577728271,	0,	724.8191239833832,	1142.5448379516602,	0.08195046186447144,	0,	13.34663494427999,	26.324450048,	0,	98.81970688000001

