p,err,sample,compr,discr
4.0000000000000000e+00,1.5368158168065751e-01,1.9882138697306313e+01,2.0977824529012046e+00,1.8182208871841432e+01
